season,round,event,circuit,kind,start_lap,end_lap,laps
2018,1,Australian Grand Prix,Melbourne,VSC,26,28,3
2018,1,Australian Grand Prix,Melbourne,SC,28,31,4
2018,2,Bahrain Grand Prix,Sakhir,VSC,2,4,3
2018,3,Chinese Grand Prix,Shanghai,SC,31,35,5
2018,4,Azerbaijan Grand Prix,Baku,SC,1,5,5
2018,4,Azerbaijan Grand Prix,Baku,SC,40,47,8
2018,5,Spanish Grand Prix,Barcelona,SC,1,6,6
2018,5,Spanish Grand Prix,Barcelona,VSC,41,42,2
2018,6,Monaco Grand Prix,Monte Carlo,VSC,73,74,2
2018,7,Canadian Grand Prix,Montréal,SC,1,4,4
2018,8,French Grand Prix,Le Castellet,SC,1,5,5
2018,8,French Grand Prix,Le Castellet,VSC,52,53,2
2018,9,Austrian Grand Prix,Spielberg,VSC,15,16,2
2018,10,British Grand Prix,Silverstone,SC,33,37,5
2018,10,British Grand Prix,Silverstone,SC,38,41,4
2018,11,German Grand Prix,Hockenheim,SC,52,57,6
2018,12,Hungarian Grand Prix,Budapest,VSC,6,7,2
2018,12,Hungarian Grand Prix,Budapest,VSC,51,52,2
2018,13,Belgian Grand Prix,Spa-Francorchamps,SC,1,4,4
2018,15,Singapore Grand Prix,Singapore,SC,1,4,4
2018,17,Japanese Grand Prix,Suzuka,SC,4,7,4
2018,17,Japanese Grand Prix,Suzuka,VSC,41,42,2
2018,18,United States Grand Prix,Austin,VSC,11,12,2
2018,19,Mexican Grand Prix,Mexico City,VSC,5,5,1
2018,19,Mexican Grand Prix,Mexico City,VSC,31,32,2
2018,19,Mexican Grand Prix,Mexico City,VSC,62,64,3
2018,21,Abu Dhabi Grand Prix,Yas Marina,SC,1,4,4
2018,21,Abu Dhabi Grand Prix,Yas Marina,VSC,7,8,2
2019,2,Bahrain Grand Prix,Sakhir,SC,55,57,3
2019,3,Chinese Grand Prix,Shanghai,VSC,1,2,2
2019,4,Azerbaijan Grand Prix,Baku,VSC,40,41,2
2019,5,Spanish Grand Prix,Barcelona,SC,46,52,7
2019,6,Monaco Grand Prix,Monte Carlo,SC,11,14,4
2019,8,French Grand Prix,Le Castellet,VSC,50,50,1
2019,10,British Grand Prix,Silverstone,SC,20,23,4
2019,11,German Grand Prix,Hockenheim,SC,3,4,2
2019,11,German Grand Prix,Hockenheim,VSC,15,16,2
2019,11,German Grand Prix,Hockenheim,VSC,28,28,1
2019,11,German Grand Prix,Hockenheim,SC,29,33,5
2019,11,German Grand Prix,Hockenheim,SC,41,45,5
2019,11,German Grand Prix,Hockenheim,SC,57,59,3
2019,13,Belgian Grand Prix,Spa-Francorchamps,SC,1,4,4
2019,14,Italian Grand Prix,Monza,VSC,29,29,1
2019,14,Italian Grand Prix,Monza,VSC,31,31,1
2019,15,Singapore Grand Prix,Singapore,SC,36,40,5
2019,15,Singapore Grand Prix,Singapore,SC,44,47,4
2019,15,Singapore Grand Prix,Singapore,SC,50,51,2
2019,16,Russian Grand Prix,Sochi,SC,1,3,3
2019,16,Russian Grand Prix,Sochi,VSC,28,29,2
2019,16,Russian Grand Prix,Sochi,SC,29,32,4
2019,18,Mexican Grand Prix,Mexico City,VSC,1,3,3
2019,20,Brazilian Grand Prix,São Paulo,SC,54,59,6
2019,20,Brazilian Grand Prix,São Paulo,SC,66,69,4
2020,1,Austrian Grand Prix,Spielberg,SC,25,30,6
2020,1,Austrian Grand Prix,Spielberg,SC,50,53,4
2020,1,Austrian Grand Prix,Spielberg,SC,53,60,8
2020,2,Styrian Grand Prix,Spielberg,SC,1,3,3
2020,4,British Grand Prix,Silverstone,SC,2,5,4
2020,4,British Grand Prix,Silverstone,SC,13,18,6
2020,7,Belgian Grand Prix,Spa-Francorchamps,SC,11,14,4
2020,8,Italian Grand Prix,Monza,SC,20,23,4
2020,8,Italian Grand Prix,Monza,SC,25,26,2
2020,8,Italian Grand Prix,Monza,RED,26,26,1
2020,9,Tuscan Grand Prix,Mugello,SC,1,6,6
2020,9,Tuscan Grand Prix,Mugello,SC,7,8,2
2020,9,Tuscan Grand Prix,Mugello,RED,8,8,1
2020,9,Tuscan Grand Prix,Mugello,SC,43,45,3
2020,9,Tuscan Grand Prix,Mugello,RED,45,45,1
2020,10,Russian Grand Prix,Sochi,SC,1,5,5
2020,10,Russian Grand Prix,Sochi,VSC,43,43,1
2020,11,Eifel Grand Prix,Nürburgring,VSC,16,17,2
2020,11,Eifel Grand Prix,Nürburgring,SC,45,49,5
2020,13,Emilia Romagna Grand Prix,Imola,VSC,30,31,2
2020,13,Emilia Romagna Grand Prix,Imola,SC,51,57,7
2020,14,Turkish Grand Prix,Istanbul,VSC,13,15,3
2020,15,Bahrain Grand Prix,Sakhir,RED,1,1,1
2020,15,Bahrain Grand Prix,Sakhir,SC,3,8,6
2020,15,Bahrain Grand Prix,Sakhir,SC,55,57,3
2020,16,Sakhir Grand Prix,Sakhir,SC,1,6,6
2020,16,Sakhir Grand Prix,Sakhir,VSC,55,56,2
2020,16,Sakhir Grand Prix,Sakhir,VSC,62,62,1
2020,16,Sakhir Grand Prix,Sakhir,SC,62,68,7
2020,17,Abu Dhabi Grand Prix,Yas Island,VSC,10,11,2
2020,17,Abu Dhabi Grand Prix,Yas Island,SC,11,13,3
2021,1,Bahrain Grand Prix,Sakhir,SC,1,3,3
2021,1,Bahrain Grand Prix,Sakhir,VSC,4,5,2
2021,2,Emilia Romagna Grand Prix,Imola,SC,2,6,5
2021,2,Emilia Romagna Grand Prix,Imola,SC,32,33,2
2021,2,Emilia Romagna Grand Prix,Imola,RED,33,33,1
2021,3,Portuguese Grand Prix,Portimão,SC,2,6,5
2021,4,Spanish Grand Prix,Barcelona,SC,8,10,3
2021,6,Azerbaijan Grand Prix,Baku,SC,31,35,5
2021,6,Azerbaijan Grand Prix,Baku,SC,47,48,2
2021,6,Azerbaijan Grand Prix,Baku,RED,48,48,1
2021,9,Austrian Grand Prix,Spielberg,SC,1,3,3
2021,10,British Grand Prix,Silverstone,SC,1,2,2
2021,10,British Grand Prix,Silverstone,RED,2,2,1
2021,11,Hungarian Grand Prix,Budapest,SC,1,2,2
2021,11,Hungarian Grand Prix,Budapest,RED,2,2,1
2021,12,Belgian Grand Prix,Spa-Francorchamps,RED,1,1,1
2021,12,Belgian Grand Prix,Spa-Francorchamps,RED,3,3,1
2021,14,Italian Grand Prix,Monza,VSC,1,2,2
2021,14,Italian Grand Prix,Monza,SC,26,30,5
2021,14,Italian Grand Prix,Monza,VSC,44,44,1
2021,17,United States Grand Prix,Austin,VSC,28,28,1
2021,18,Mexico City Grand Prix,Mexico City,SC,1,4,4
2021,19,São Paulo Grand Prix,São Paulo,SC,6,9,4
2021,19,São Paulo Grand Prix,São Paulo,VSC,12,14,3
2021,19,São Paulo Grand Prix,São Paulo,VSC,30,31,2
2021,20,Qatar Grand Prix,Lusail,VSC,55,57,3
2021,21,Saudi Arabian Grand Prix,Jeddah,SC,10,13,4
2021,21,Saudi Arabian Grand Prix,Jeddah,RED,13,13,1
2021,21,Saudi Arabian Grand Prix,Jeddah,RED,15,15,1
2021,21,Saudi Arabian Grand Prix,Jeddah,VSC,23,24,2
2021,21,Saudi Arabian Grand Prix,Jeddah,VSC,28,28,1
2021,21,Saudi Arabian Grand Prix,Jeddah,VSC,29,33,5
2021,21,Saudi Arabian Grand Prix,Jeddah,VSC,36,36,1
2021,22,Abu Dhabi Grand Prix,Yas Island,VSC,36,37,2
2021,22,Abu Dhabi Grand Prix,Yas Island,SC,53,57,5
2022,1,Bahrain Grand Prix,Sakhir,VSC,46,46,1
2022,1,Bahrain Grand Prix,Sakhir,SC,46,50,5
2022,2,Saudi Arabian Grand Prix,Jeddah,VSC,16,16,1
2022,2,Saudi Arabian Grand Prix,Jeddah,SC,16,20,5
2022,2,Saudi Arabian Grand Prix,Jeddah,VSC,38,41,4
2022,3,Australian Grand Prix,Melbourne,VSC,3,3,1
2022,3,Australian Grand Prix,Melbourne,SC,3,6,4
2022,3,Australian Grand Prix,Melbourne,SC,23,26,4
2022,3,Australian Grand Prix,Melbourne,VSC,39,40,2
2022,4,Emilia Romagna Grand Prix,Imola,SC,1,4,4
2022,5,Miami Grand Prix,Miami,VSC,41,41,1
2022,5,Miami Grand Prix,Miami,SC,41,46,6
2022,7,Monaco Grand Prix,Monaco,RED,1,1,1
2022,7,Monaco Grand Prix,Monaco,SC,2,2,1
2022,7,Monaco Grand Prix,Monaco,VSC,27,27,1
2022,7,Monaco Grand Prix,Monaco,SC,27,30,4
2022,7,Monaco Grand Prix,Monaco,RED,30,30,1
2022,8,Azerbaijan Grand Prix,Baku,VSC,9,10,2
2022,8,Azerbaijan Grand Prix,Baku,VSC,33,35,3
2022,9,Canadian Grand Prix,Montréal,VSC,9,10,2
2022,9,Canadian Grand Prix,Montréal,VSC,20,20,1
2022,9,Canadian Grand Prix,Montréal,SC,49,54,6
2022,10,British Grand Prix,Silverstone,RED,1,1,1
2022,10,British Grand Prix,Silverstone,SC,39,42,4
2022,11,Austrian Grand Prix,Spielberg,VSC,58,59,2
2022,12,French Grand Prix,Le Castellet,SC,18,20,3
2022,12,French Grand Prix,Le Castellet,VSC,50,50,1
2022,13,Hungarian Grand Prix,Budapest,VSC,2,3,2
2022,13,Hungarian Grand Prix,Budapest,VSC,68,69,2
2022,14,Belgian Grand Prix,Spa-Francorchamps,SC,2,4,3
2022,15,Dutch Grand Prix,Zandvoort,VSC,48,50,3
2022,15,Dutch Grand Prix,Zandvoort,SC,56,60,5
2022,16,Italian Grand Prix,Monza,VSC,12,12,1
2022,16,Italian Grand Prix,Monza,SC,48,53,6
2022,17,Singapore Grand Prix,Marina Bay,SC,8,10,3
2022,17,Singapore Grand Prix,Marina Bay,VSC,22,23,2
2022,17,Singapore Grand Prix,Marina Bay,VSC,26,27,2
2022,17,Singapore Grand Prix,Marina Bay,VSC,28,30,3
2022,17,Singapore Grand Prix,Marina Bay,SC,36,39,4
2022,18,Japanese Grand Prix,Suzuka,SC,1,2,2
2022,18,Japanese Grand Prix,Suzuka,RED,2,2,1
2022,19,United States Grand Prix,Austin,SC,18,21,4
2022,19,United States Grand Prix,Austin,SC,22,25,4
2022,20,Mexico City Grand Prix,Mexico City,VSC,65,66,2
2022,21,São Paulo Grand Prix,São Paulo,SC,1,6,6
2022,21,São Paulo Grand Prix,São Paulo,VSC,53,54,2
2022,21,São Paulo Grand Prix,São Paulo,SC,54,59,6
2023,1,Bahrain Grand Prix,Sakhir,VSC,41,42,2
2023,2,Saudi Arabian Grand Prix,Jeddah,SC,18,20,3
2023,3,Australian Grand Prix,Melbourne,SC,1,3,3
2023,3,Australian Grand Prix,Melbourne,SC,7,8,2
2023,3,Australian Grand Prix,Melbourne,RED,8,8,1
2023,3,Australian Grand Prix,Melbourne,VSC,18,19,2
2023,3,Australian Grand Prix,Melbourne,SC,54,55,2
2023,3,Australian Grand Prix,Melbourne,RED,55,55,1
2023,3,Australian Grand Prix,Melbourne,RED,57,57,1
2023,3,Australian Grand Prix,Melbourne,RED,58,58,1
2023,4,Azerbaijan Grand Prix,Baku,SC,11,13,3
2023,8,Canadian Grand Prix,Montréal,VSC,8,8,1
2023,8,Canadian Grand Prix,Montréal,SC,12,16,5
2023,9,Austrian Grand Prix,Spielberg,SC,1,3,3
2023,9,Austrian Grand Prix,Spielberg,VSC,14,16,3
2023,10,British Grand Prix,Silverstone,VSC,33,33,1
2023,10,British Grand Prix,Silverstone,SC,33,38,6
2023,13,Dutch Grand Prix,Zandvoort,SC,16,21,6
2023,13,Dutch Grand Prix,Zandvoort,VSC,64,64,1
2023,13,Dutch Grand Prix,Zandvoort,RED,64,64,1
2023,13,Dutch Grand Prix,Zandvoort,SC,65,66,2
2023,15,Singapore Grand Prix,Marina Bay,SC,20,22,3
2023,15,Singapore Grand Prix,Marina Bay,VSC,44,45,2
2023,16,Japanese Grand Prix,Suzuka,SC,1,4,4
2023,16,Japanese Grand Prix,Suzuka,VSC,14,14,1
2023,17,Qatar Grand Prix,Lusail,SC,1,4,4
2023,19,Mexico City Grand Prix,Mexico City,VSC,5,5,1
2023,19,Mexico City Grand Prix,Mexico City,SC,33,34,2
2023,19,Mexico City Grand Prix,Mexico City,RED,34,34,1
2023,19,Mexico City Grand Prix,Mexico City,SC,35,35,1
2023,20,São Paulo Grand Prix,São Paulo,SC,1,2,2
2023,20,São Paulo Grand Prix,São Paulo,RED,2,2,1
2023,21,Las Vegas Grand Prix,Las Vegas,VSC,1,2,2
2023,21,Las Vegas Grand Prix,Las Vegas,SC,3,6,4
2023,21,Las Vegas Grand Prix,Las Vegas,SC,26,28,3
2024,2,Saudi Arabian Grand Prix,Jeddah,SC,7,9,3
2024,3,Australian Grand Prix,Melbourne,VSC,17,18,2
2024,3,Australian Grand Prix,Melbourne,VSC,58,58,1
2024,4,Japanese Grand Prix,Suzuka,RED,1,1,1
2024,5,Chinese Grand Prix,Shanghai,VSC,22,23,2
2024,5,Chinese Grand Prix,Shanghai,SC,23,26,4
2024,5,Chinese Grand Prix,Shanghai,SC,27,31,5
2024,6,Miami Grand Prix,Miami,VSC,23,23,1
2024,6,Miami Grand Prix,Miami,SC,28,32,5
2024,8,Monaco Grand Prix,Monaco,RED,1,1,1
2024,8,Monaco Grand Prix,Monaco,SC,2,2,1
2024,9,Canadian Grand Prix,Montréal,SC,25,29,5
2024,9,Canadian Grand Prix,Montréal,SC,54,58,5
2024,11,Austrian Grand Prix,Spielberg,VSC,66,66,1
2024,17,Azerbaijan Grand Prix,Baku,VSC,51,51,1
2024,19,United States Grand Prix,Austin,SC,3,5,3
2024,20,Mexico City Grand Prix,Mexico City,SC,1,6,6
2024,21,São Paulo Grand Prix,São Paulo,VSC,28,28,1
2024,21,São Paulo Grand Prix,São Paulo,SC,30,32,3
2024,21,São Paulo Grand Prix,São Paulo,RED,32,32,1
2024,21,São Paulo Grand Prix,São Paulo,SC,39,42,4
2024,23,Qatar Grand Prix,Lusail,SC,1,4,4
2024,23,Qatar Grand Prix,Lusail,SC,35,39,5
2024,23,Qatar Grand Prix,Lusail,VSC,40,40,1
2024,23,Qatar Grand Prix,Lusail,SC,40,42,3
2024,24,Abu Dhabi Grand Prix,Yas Island,VSC,2,3,2
2025,1,Australian Grand Prix,Melbourne,SC,1,7,7
2025,1,Australian Grand Prix,Melbourne,SC,34,41,8
2025,1,Australian Grand Prix,Melbourne,SC,47,51,5
2025,4,Bahrain Grand Prix,Sakhir,SC,32,35,4
2025,5,Saudi Arabian Grand Prix,Jeddah,SC,1,3,3
2025,6,Miami Grand Prix,Miami Gardens,VSC,2,3,2
2025,6,Miami Grand Prix,Miami Gardens,VSC,29,30,2
2025,6,Miami Grand Prix,Miami Gardens,VSC,33,34,2
2025,7,Emilia Romagna Grand Prix,Imola,VSC,29,31,3
2025,7,Emilia Romagna Grand Prix,Imola,SC,46,53,8
2025,8,Monaco Grand Prix,Monaco,VSC,2,4,3
2025,9,Spanish Grand Prix,Barcelona,SC,55,60,6
2025,10,Canadian Grand Prix,Montréal,SC,67,70,4
2025,11,Austrian Grand Prix,Spielberg,SC,1,3,3
2025,12,British Grand Prix,Silverstone,VSC,2,4,3
2025,12,British Grand Prix,Silverstone,VSC,5,7,3
2025,12,British Grand Prix,Silverstone,SC,14,17,4
2025,12,British Grand Prix,Silverstone,SC,18,21,4
2025,13,Belgian Grand Prix,Spa-Francorchamps,RED,1,1,1
2025,13,Belgian Grand Prix,Spa-Francorchamps,SC,1,4,4
2025,15,Dutch Grand Prix,Zandvoort,SC,23,26,4
2025,15,Dutch Grand Prix,Zandvoort,VSC,31,32,2
2025,15,Dutch Grand Prix,Zandvoort,SC,53,57,5
2025,15,Dutch Grand Prix,Zandvoort,SC,65,68,4
2025,17,Azerbaijan Grand Prix,Baku,SC,1,4,4
2025,19,United States Grand Prix,Austin,VSC,7,8,2
2025,20,Mexico City Grand Prix,Mexico City,VSC,70,71,2
2025,21,São Paulo Grand Prix,São Paulo,SC,2,5,4
2025,21,São Paulo Grand Prix,São Paulo,VSC,7,8,2
2025,22,Las Vegas Grand Prix,Las Vegas,VSC,2,4,3
2025,22,Las Vegas Grand Prix,Las Vegas,VSC,16,16,1
2025,23,Qatar Grand Prix,Lusail,SC,7,10,4
2026,1,Australian Grand Prix,Melbourne,VSC,12,14,3
2026,1,Australian Grand Prix,Melbourne,VSC,18,20,3
2026,1,Australian Grand Prix,Melbourne,VSC,34,34,1
2026,2,Chinese Grand Prix,Shanghai,SC,10,13,4
2026,3,Japanese Grand Prix,Suzuka,SC,22,27,6
2026,4,Miami Grand Prix,Miami Gardens,SC,6,11,6
2026,5,Canadian Grand Prix,Montréal,VSC,31,32,2
2026,5,Canadian Grand Prix,Montréal,VSC,46,46,1
2026,5,Canadian Grand Prix,Montréal,VSC,53,54,2
2026,6,Monaco Grand Prix,Monte Carlo,SC,60,65,6
2026,6,Monaco Grand Prix,Monte Carlo,SC,66,68,3
2026,6,Monaco Grand Prix,Monte Carlo,RED,68,68,1
2026,6,Monaco Grand Prix,Monte Carlo,SC,69,70,2
2026,7,Barcelona Grand Prix,Barcelona,VSC,41,42,2
2026,7,Barcelona Grand Prix,Barcelona,VSC,63,65,3
2026,8,Austrian Grand Prix,Spielberg,VSC,25,26,2
2026,8,Austrian Grand Prix,Spielberg,VSC,52,53,2
2026,9,British Grand Prix,Silverstone,VSC,22,22,1
2026,9,British Grand Prix,Silverstone,VSC,39,39,1
2026,9,British Grand Prix,Silverstone,SC,48,52,5
2026,10,Belgian Grand Prix,Spa-Francorchamps,SC,1,4,4
2026,10,Belgian Grand Prix,Spa-Francorchamps,VSC,18,18,1
2026,10,Belgian Grand Prix,Spa-Francorchamps,VSC,20,21,2
2026,11,Hungarian Grand Prix,Budapest,VSC,56,57,2
2026,12,Dutch Grand Prix,Zandvoort,RED,2,2,1
2026,12,Dutch Grand Prix,Zandvoort,VSC,55,57,3
2026,12,Dutch Grand Prix,Zandvoort,VSC,70,70,1
